{
  "n_features": 7,
  "n_classes": 22,
  "class_names": [
    "apple",
    "banana",
    "blackgram",
    "chickpea",
    "coconut",
    "coffee",
    "cotton",
    "grapes",
    "jute",
    "kidneybeans",
    "lentil",
    "maize",
    "mango",
    "mothbeans",
    "mungbean",
    "muskmelon",
    "orange",
    "papaya",
    "pigeonpeas",
    "pomegranate",
    "rice",
    "watermelon"
  ],
  "config": {
    "hidden_layers": [
      128,
      64,
      32
    ],
    "dropout_rate": 0.3,
    "learning_rate": 0.001,
    "batch_size": 32,
    "epochs": 100,
    "early_stopping_patience": 10,
    "random_state": 42
  },
  "training_history": {
    "loss": [
      2.83248887961741,
      1.889548006080348,
      0.9865058862562142,
      0.5204953434145658,
      0.33882058860252207,
      0.2582798679600437,
      0.20018799655407093,
      0.17006871269763013,
      0.16437320424944207,
      0.13088535807734483,
      0.11533243851835878,
      0.10028607430142467,
      0.09418156839166743,
      0.08960993333978566,
      0.08558611150556523,
      0.07086233465472727,
      0.06536602862933533,
      0.06405037357287426,
      0.06274580361560272,
      0.058650217165374316,
      0.048646785418059314,
      0.051145543984864636,
      0.047671172193904744,
      0.041676021419455235,
      0.04115266538852347,
      0.0390505814337825,
      0.03958214943312036,
      0.03783295641746631,
      0.035650094409087334,
      0.03425945372463101,
      0.03284232932131878,
      0.028922608751574458,
      0.03433945144215678,
      0.03019001161141955,
      0.028403679012103045
    ]
  },
  "n_iterations": 35,
  "final_loss": 0.028403679012103045
}